{
  "mae": 5.187950611114502,
  "rmse": 8.636794090270996,
  "mape": 0.3572133183479309,
  "smape": 0.28585121035575867,
  "r2": 0.8654909133911133,
  "p50_err": 2.3293814659118652,
  "p90_err": 14.710933685302734
}